,_id,CH_SYMBOL,CH_SERIES,CH_MARKET_TYPE,CH_TRADE_HIGH_PRICE,CH_TRADE_LOW_PRICE,CH_OPENING_PRICE,CH_CLOSING_PRICE,CH_LAST_TRADED_PRICE,CH_PREVIOUS_CLS_PRICE,CH_TOT_TRADED_QTY,CH_TOT_TRADED_VAL,CH_52WEEK_HIGH_PRICE,CH_52WEEK_LOW_PRICE,CH_TOTAL_TRADES,CH_ISIN,CH_TIMESTAMP,TIMESTAMP,createdAt,updatedAt,__v,SLBMH_TOT_VAL,VWAP,mTIMESTAMP
0,65c613dc2ce7cc3ec0772c2d,JIOFIN,EQ,N,276.3,258.4,264.4,273.0,274.0,262.8,51120889,13646113951.45,295.7,204.25,334750,INE758E01017,2024-02-09,2024-02-08T18:30:00.000Z,2024-02-09T12:00:28.686Z,2024-02-09T12:00:28.686Z,0,,266.94,09-Feb-2024
1,65ca085c3d2c61c7ee71bd5f,JIOFIN,EQ,N,281.1,267.7,276.1,271.45,272.9,273.0,47043875,12907184606.55,295.7,204.25,327409,INE758E01017,2024-02-12,2024-02-11T18:30:00.000Z,2024-02-12T12:00:28.822Z,2024-02-12T12:00:28.822Z,0,,274.36,12-Feb-2024
2,65cb59dac77ecab986d05379,JIOFIN,EQ,N,275.4,263.7,270.45,272.75,272.75,271.45,31220101,8374745910.75,295.7,204.25,249785,INE758E01017,2024-02-13,2024-02-12T18:30:00.000Z,2024-02-13T12:00:26.973Z,2024-02-13T12:00:26.973Z,0,,268.25,13-Feb-2024
3,65ccab7db3b7cee94bb05f4a,JIOFIN,EQ,N,275.0,268.55,269.9,273.0,272.45,272.75,21374190,5816719006.65,295.7,204.25,173404,INE758E01017,2024-02-14,2024-02-13T18:30:00.000Z,2024-02-14T12:01:01.894Z,2024-02-14T12:01:01.894Z,0,,272.14,14-Feb-2024
4,65cdfcfe0b93c6793ba3e3a7,JIOFIN,EQ,N,279.0,273.0,275.0,274.05,274.05,273.0,19477720,5365634914.75,295.7,204.25,146953,INE758E01017,2024-02-15,2024-02-14T18:30:00.000Z,2024-02-15T12:01:02.213Z,2024-02-15T12:01:02.213Z,0,,275.48,15-Feb-2024
5,65cf4e7d61aab0774d35aad2,JIOFIN,EQ,N,276.75,271.0,275.3,271.9,271.3,274.05,14337059,3912343096.95,295.7,204.25,136682,INE758E01017,2024-02-16,2024-02-15T18:30:00.000Z,2024-02-16T12:01:01.613Z,2024-02-16T12:01:01.613Z,0,,272.88,16-Feb-2024
6,65d39092c64559bd8f40fb19,JIOFIN,EQ,N,277.1,271.9,273.25,274.0,274.05,271.9,18390283,5042874740.65,295.7,204.25,94897,INE758E01017,2024-02-19,2024-02-18T18:30:00.000Z,2024-02-19T17:32:02.133Z,2024-02-19T17:32:02.133Z,0,,274.21,19-Feb-2024
7,65d4945c64fbe6f723b14713,JIOFIN,EQ,N,289.3,273.6,274.2,281.7,281.8,274.0,55688591,15748168208.0,295.7,204.25,339444,INE758E01017,2024-02-20,2024-02-19T18:30:00.000Z,2024-02-20T12:00:28.768Z,2024-02-20T12:00:28.768Z,0,,282.79,20-Feb-2024
8,65d5e5fef1fbe8e7f6d9c8d7,JIOFIN,EQ,N,294.5,283.2,284.0,290.1,289.65,281.7,64130106,18574523382.8,295.7,204.25,416397,INE758E01017,2024-02-21,2024-02-20T18:30:00.000Z,2024-02-21T12:01:02.256Z,2024-02-21T12:01:02.256Z,0,,289.64,21-Feb-2024
9,65d7377e42995682861e407f,JIOFIN,EQ,N,305.3,291.1,291.7,302.85,303.85,290.1,75689296,22660156832.6,305.3,204.25,410986,INE758E01017,2024-02-22,2024-02-21T18:30:00.000Z,2024-02-22T12:01:02.205Z,2024-02-22T12:01:02.205Z,0,,299.38,22-Feb-2024
10,65da41622fa2c80c6010fcf6,JIOFIN,EQ,N,347.0,305.35,305.8,333.95,335.0,302.85,270077122,89315742779.7,347.0,204.25,1305409,INE758E01017,2024-02-23,2024-02-22T18:30:00.000Z,2024-02-24T19:20:02.489Z,2024-02-24T19:20:02.489Z,0,,330.7,23-Feb-2024
11,65dc7d5a18353a15cfb0966d,JIOFIN,EQ,N,348.0,325.75,340.45,327.8,328.0,333.95,107359705,36029272085.35,348.0,204.25,768542,INE758E01017,2024-02-26,2024-02-25T18:30:00.000Z,2024-02-26T12:00:26.844Z,2024-02-26T12:00:26.844Z,0,,335.59,26-Feb-2024
12,65ddcedcdc3d5b40c3c1e442,JIOFIN,EQ,N,338.7,316.55,329.3,318.5,319.0,327.8,57002014,18633392790.5,348.0,204.25,520404,INE758E01017,2024-02-27,2024-02-26T18:30:00.000Z,2024-02-27T12:00:28.641Z,2024-02-27T12:00:28.641Z,0,,326.89,27-Feb-2024
13,65df207d3ab4615b763868b2,JIOFIN,EQ,N,322.45,306.05,320.0,308.3,309.45,318.5,48176158,15026545807.3,348.0,204.25,427665,INE758E01017,2024-02-28,2024-02-27T18:30:00.000Z,2024-02-28T12:01:01.514Z,2024-02-28T12:01:01.514Z,0,,311.91,28-Feb-2024
14,65e071fd79a06978a17fb193,JIOFIN,EQ,N,322.0,308.0,312.0,310.0,310.6,308.3,81356675,25527114474.55,348.0,204.25,486768,INE758E01017,2024-02-29,2024-02-28T18:30:00.000Z,2024-02-29T12:01:01.664Z,2024-02-29T12:01:01.664Z,0,,313.77,29-Feb-2024
15,65e1c37ec9980b7546121ed0,JIOFIN,EQ,N,321.6,311.55,313.5,317.9,318.0,310.0,37623310,11918904889.05,348.0,204.25,275851,INE758E01017,2024-03-01,2024-02-29T18:30:00.000Z,2024-03-01T12:01:02.060Z,2024-03-01T12:01:02.060Z,0,,316.8,01-Mar-2024
16,6592a97dd65750cefa0ec6b3,JIOFIN,EQ,N,236.4,233.3,233.35,234.55,234.55,232.95,7919961,1862540423.65,266.95,204.25,65162,INE758E01017,2024-01-01,2023-12-31T18:30:00.000Z,2024-01-01T12:01:01.389Z,2024-01-01T12:01:01.389Z,0,,235.17,01-Jan-2024
17,6593fafd477df5351421bee7,JIOFIN,EQ,N,236.0,232.0,235.0,235.35,235.4,234.55,9216592,2158486896.9,266.95,204.25,91336,INE758E01017,2024-01-02,2024-01-01T18:30:00.000Z,2024-01-02T12:01:01.833Z,2024-01-02T12:01:01.833Z,0,,234.2,02-Jan-2024
18,65954c7e5fafc6a4b205e9a6,JIOFIN,EQ,N,236.0,233.55,235.4,234.5,234.75,235.35,9864949,2312211675.55,266.95,204.25,105992,INE758E01017,2024-01-03,2024-01-02T18:30:00.000Z,2024-01-03T12:01:02.239Z,2024-01-03T12:01:02.239Z,0,,234.39,03-Jan-2024
19,65969dfd05e0b9eee7e85f8a,JIOFIN,EQ,N,243.25,236.8,238.85,241.4,241.7,234.5,32808937,7881386060.45,266.95,204.25,215142,INE758E01017,2024-01-04,2024-01-03T18:30:00.000Z,2024-01-04T12:01:01.641Z,2024-01-04T12:01:01.641Z,0,,240.22,04-Jan-2024
20,6597ef7dc10efb305b158a2f,JIOFIN,EQ,N,248.2,241.5,244.5,243.65,243.65,241.4,29722064,7281253220.95,266.95,204.25,222557,INE758E01017,2024-01-05,2024-01-04T18:30:00.000Z,2024-01-05T12:01:01.751Z,2024-01-05T12:01:01.751Z,0,,244.98,05-Jan-2024
21,659be3fdea621d7958ff2afe,JIOFIN,EQ,N,246.9,240.3,246.85,242.4,242.5,243.65,21118013,5128079835.35,266.95,204.25,150507,INE758E01017,2024-01-08,2024-01-07T18:30:00.000Z,2024-01-08T12:01:01.987Z,2024-01-08T12:01:01.987Z,0,,242.83,08-Jan-2024
22,659d357d84db3a7aed27d358,JIOFIN,EQ,N,244.65,241.5,243.9,242.15,242.0,242.4,10689245,2595786350.2,266.95,204.25,119786,INE758E01017,2024-01-09,2024-01-08T18:30:00.000Z,2024-01-09T12:01:01.540Z,2024-01-09T12:01:01.540Z,0,,242.84,09-Jan-2024
23,659e86fdb7e812fb4027edce,JIOFIN,EQ,N,242.3,239.3,242.0,240.95,242.3,242.15,11798543,2837136845.4,266.95,204.25,150407,INE758E01017,2024-01-10,2024-01-09T18:30:00.000Z,2024-01-10T12:01:01.431Z,2024-01-10T12:01:01.431Z,0,,240.47,10-Jan-2024
24,659fd87eb9681b704da71f7c,JIOFIN,EQ,N,253.4,240.65,243.0,251.55,253.35,240.95,45792818,11358800230.15,266.95,204.25,324270,INE758E01017,2024-01-11,2024-01-10T18:30:00.000Z,2024-01-11T12:01:02.174Z,2024-01-11T12:01:02.174Z,0,,248.05,11-Jan-2024
25,65a129fdae79d4199d80ca79,JIOFIN,EQ,N,259.35,253.7,255.0,255.05,254.9,251.55,46763296,11985975315.65,266.95,204.25,263981,INE758E01017,2024-01-12,2024-01-11T18:30:00.000Z,2024-01-12T12:01:01.465Z,2024-01-12T12:01:01.465Z,0,,256.31,12-Jan-2024
26,65a5232e3944970884455e4d,JIOFIN,EQ,N,269.7,257.05,258.0,266.75,267.35,255.05,68617372,18132080778.2,269.7,204.25,425062,INE758E01017,2024-01-15,2024-01-14T18:30:00.000Z,2024-01-15T12:21:02.162Z,2024-01-15T12:21:02.162Z,0,,264.25,15-Jan-2024
27,65a66ffd0dc89412fb13ceaf,JIOFIN,EQ,N,258.0,246.5,254.1,248.85,249.45,266.75,70456857,17787902342.5,269.7,204.25,494489,INE758E01017,2024-01-16,2024-01-15T18:30:00.000Z,2024-01-16T12:01:01.829Z,2024-01-16T12:01:01.829Z,0,,252.47,16-Jan-2024
28,65a7c17d3b001ae2ee2bb52d,JIOFIN,EQ,N,247.0,242.15,247.0,242.55,242.75,248.85,28318086,6920023192.25,269.7,204.25,265636,INE758E01017,2024-01-17,2024-01-16T18:30:00.000Z,2024-01-17T12:01:02.004Z,2024-01-17T12:01:02.004Z,0,,244.37,17-Jan-2024
29,65a912fdc00916544b66c9b7,JIOFIN,EQ,N,247.9,239.05,243.45,243.25,243.5,242.55,24804800,6046686804.75,269.7,204.25,173106,INE758E01017,2024-01-18,2024-01-17T18:30:00.000Z,2024-01-18T12:01:01.757Z,2024-01-18T12:01:01.757Z,0,,243.77,18-Jan-2024
30,65aa64b9be73653a7dde1158,JIOFIN,EQ,N,249.15,245.4,245.85,246.25,246.5,243.25,16563079,4097031874.7,269.7,204.25,157922,INE758E01017,2024-01-19,2024-01-18T18:30:00.000Z,2024-01-19T12:02:01.465Z,2024-01-19T12:02:01.465Z,0,,247.36,19-Jan-2024
31,65abbaad54ac362a3a378da3,JIOFIN,EQ,N,249.5,244.55,248.9,246.45,246.3,246.25,11652989,2872366583.75,269.7,204.25,109375,INE758E01017,2024-01-20,2024-01-19T18:30:00.000Z,2024-01-20T12:21:01.717Z,2024-01-20T12:21:01.717Z,0,,246.49,20-Jan-2024
32,65afaa7d4c36d9af342c4210,JIOFIN,EQ,N,248.05,240.0,247.85,240.4,240.5,246.45,13184700,3200552531.05,269.7,204.25,141001,INE758E01017,2024-01-23,2024-01-22T18:30:00.000Z,2024-01-23T12:01:01.527Z,2024-01-23T12:01:01.527Z,0,,242.75,23-Jan-2024
33,65b0fbfefd857037aa41f8aa,JIOFIN,EQ,N,241.55,237.1,240.0,239.75,241.0,240.4,15276800,3652681989.25,269.7,204.25,172549,INE758E01017,2024-01-24,2024-01-23T18:30:00.000Z,2024-01-24T12:01:02.050Z,2024-01-24T12:01:02.050Z,0,,239.1,24-Jan-2024
34,65b24d7d44a9da0c3c0d64da,JIOFIN,EQ,N,242.65,238.9,240.4,239.85,240.0,239.75,12352497,2968966661.75,269.7,204.25,118996,INE758E01017,2024-01-25,2024-01-24T18:30:00.000Z,2024-01-25T12:01:01.411Z,2024-01-25T12:01:01.411Z,0,,240.35,25-Jan-2024
35,65b79381973fc28b34e20225,JIOFIN,EQ,N,254.4,240.0,242.0,251.0,251.2,239.85,41148261,10236291090.65,269.7,204.25,263988,INE758E01017,2024-01-29,2024-01-28T18:30:00.000Z,2024-01-29T12:01:05.017Z,2024-01-29T12:01:05.017Z,0,,248.77,29-Jan-2024
36,65b8e4fd11b384b5b95b03ee,JIOFIN,EQ,N,253.95,247.1,253.15,247.7,247.5,251.0,15292451,3833726041.75,269.7,204.25,120971,INE758E01017,2024-01-30,2024-01-29T18:30:00.000Z,2024-01-30T12:01:01.831Z,2024-01-30T12:01:01.831Z,0,,250.69,30-Jan-2024
37,65ba367d77ad05184c68e491,JIOFIN,EQ,N,250.6,246.1,247.65,248.25,248.5,247.7,15183900,3768755692.6,269.7,204.25,132755,INE758E01017,2024-01-31,2024-01-30T18:30:00.000Z,2024-01-31T12:01:01.360Z,2024-01-31T12:01:01.360Z,0,,248.21,31-Jan-2024
38,65bb87fe0cfb80e0be808d97,JIOFIN,EQ,N,254.7,249.2,251.0,252.4,252.15,248.25,24323325,6143904160.4,269.7,204.25,165195,INE758E01017,2024-02-01,2024-01-31T18:30:00.000Z,2024-02-01T12:01:02.239Z,2024-02-01T12:01:02.239Z,0,,252.59,01-Feb-2024
39,65bcd97f2c9fdc9586dc51c1,JIOFIN,EQ,N,257.3,250.6,252.5,253.8,253.85,252.4,30218956,7663750992.05,269.7,204.25,169624,INE758E01017,2024-02-02,2024-02-01T18:30:00.000Z,2024-02-02T12:01:03.746Z,2024-02-02T12:01:03.746Z,0,,253.61,02-Feb-2024
40,65c0cdfe4238a31bd0d854ad,JIOFIN,EQ,N,295.7,255.7,256.35,289.1,292.4,253.8,211028604,59453506912.55,295.7,204.25,1040965,INE758E01017,2024-02-05,2024-02-04T18:30:00.000Z,2024-02-05T12:01:02.166Z,2024-02-05T12:01:02.166Z,0,,281.73,05-Feb-2024
41,65c21f7e9de3721407c0b326,JIOFIN,EQ,N,285.7,266.05,285.7,270.95,270.2,289.1,86635613,23929786173.05,295.7,204.25,622597,INE758E01017,2024-02-06,2024-02-05T18:30:00.000Z,2024-02-06T12:01:02.221Z,2024-02-06T12:01:02.221Z,0,,276.21,06-Feb-2024
42,65c370fd06bf92bcaaeaa705,JIOFIN,EQ,N,275.7,267.4,273.45,268.5,269.0,270.95,30963705,8391253647.45,295.7,204.25,246417,INE758E01017,2024-02-07,2024-02-06T18:30:00.000Z,2024-02-07T12:01:01.925Z,2024-02-07T12:01:01.925Z,0,,271.0,07-Feb-2024
43,65c4c27e57e8417d003e23c3,JIOFIN,EQ,N,270.4,261.95,270.0,262.8,263.7,268.5,21948925,5816397200.75,295.7,204.25,191228,INE758E01017,2024-02-08,2024-02-07T18:30:00.000Z,2024-02-08T12:01:02.183Z,2024-02-08T12:01:02.183Z,0,,265.0,08-Feb-2024
44,65c613feb16d2a11203bc97d,JIOFIN,EQ,N,276.3,258.4,264.4,273.0,274.0,262.8,51120889,13646113951.45,295.7,204.25,334750,INE758E01017,2024-02-09,2024-02-08T18:30:00.000Z,2024-02-09T12:01:02.287Z,2024-02-09T12:01:02.287Z,0,,266.94,09-Feb-2024
45,655c9bfde0f7393b3a788cac,JIOFIN,EQ,N,223.15,216.55,217.4,220.2,219.85,215.5,25625463,5645675828.75,266.95,204.25,130533,INE758E01017,2023-11-21,2023-11-20T18:30:00.000Z,2023-11-21T12:01:01.585Z,2023-11-21T12:01:01.585Z,0,,220.32,21-Nov-2023
46,655ded60c2070797de834ddc,JIOFIN,EQ,N,223.4,218.5,219.7,221.9,223.05,220.2,15012272,3313049661.15,266.95,204.25,79055,INE758E01017,2023-11-22,2023-11-21T18:30:00.000Z,2023-11-22T12:00:32.461Z,2023-11-22T12:00:32.461Z,0,,220.69,22-Nov-2023
47,655f3efd55ad237b659c7d0c,JIOFIN,EQ,N,223.25,219.6,222.5,221.25,221.3,221.9,11267951,2492637729.1,266.95,204.25,76499,INE758E01017,2023-11-23,2023-11-22T18:30:00.000Z,2023-11-23T12:01:01.382Z,2023-11-23T12:01:01.382Z,0,,221.21,23-Nov-2023
48,6560907d2ae99d7f07ea9897,JIOFIN,EQ,N,227.85,220.5,221.9,226.5,226.85,221.25,31420610,7064182654.05,266.95,204.25,143074,INE758E01017,2023-11-24,2023-11-23T18:30:00.000Z,2023-11-24T12:01:01.855Z,2023-11-24T12:01:01.855Z,0,,224.83,24-Nov-2023
49,6565d65ae9eecb1f95eeb3aa,JIOFIN,EQ,N,232.3,225.3,228.05,226.35,226.7,226.5,25668670,5859924848.45,266.95,204.25,173994,INE758E01017,2023-11-28,2023-11-27T18:30:00.000Z,2023-11-28T12:00:26.477Z,2023-11-28T12:00:26.477Z,0,,228.29,28-Nov-2023
50,656727da63930729e13ee21e,JIOFIN,EQ,N,229.35,224.2,229.35,226.05,226.05,226.35,14007708,3170622131.6,266.95,204.25,111742,INE758E01017,2023-11-29,2023-11-28T18:30:00.000Z,2023-11-29T12:00:26.396Z,2023-11-29T12:00:26.396Z,0,,226.35,29-Nov-2023
51,6568797e6b03706ca21122c4,JIOFIN,EQ,N,231.8,222.65,226.05,229.4,230.55,226.05,45432216,10361490895.15,266.95,204.25,170077,INE758E01017,2023-11-30,2023-11-29T18:30:00.000Z,2023-11-30T12:01:02.109Z,2023-11-30T12:01:02.109Z,0,,228.06,30-Nov-2023
52,6569cadaad620f56b2e4eb2e,JIOFIN,EQ,N,231.6,224.85,231.45,225.5,225.0,229.4,17634910,4021799169.25,266.95,204.25,133289,INE758E01017,2023-12-01,2023-11-30T18:30:00.000Z,2023-12-01T12:00:26.701Z,2023-12-01T12:00:26.701Z,0,,228.06,01-Dec-2023
53,656dbf5be6239c09b6d2bf03,JIOFIN,EQ,N,232.0,227.9,229.75,230.1,229.9,225.5,21079668,4848192056.6,266.95,204.25,132128,INE758E01017,2023-12-04,2023-12-03T18:30:00.000Z,2023-12-04T12:00:27.359Z,2023-12-04T12:00:27.359Z,0,,229.99,04-Dec-2023
54,656f10dfbd2bdf9cd8994e46,JIOFIN,EQ,N,246.0,229.4,231.0,242.5,242.15,230.1,60847483,14571529908.7,266.95,204.25,340488,INE758E01017,2023-12-05,2023-12-04T18:30:00.000Z,2023-12-05T12:00:31.210Z,2023-12-05T12:00:31.210Z,0,,239.48,05-Dec-2023
55,6570625c29a97b4c362643c0,JIOFIN,EQ,N,251.6,243.0,244.9,247.05,246.8,242.5,45262704,11185588495.95,266.95,204.25,281179,INE758E01017,2023-12-06,2023-12-05T18:30:00.000Z,2023-12-06T12:00:28.462Z,2023-12-06T12:00:28.462Z,0,,247.13,06-Dec-2023
56,6571b3febf642029ec32e595,JIOFIN,EQ,N,250.7,245.1,249.0,249.15,248.95,247.05,23000400,5722536527.1,266.95,204.25,167315,INE758E01017,2023-12-07,2023-12-06T18:30:00.000Z,2023-12-07T12:01:02.269Z,2023-12-07T12:01:02.269Z,0,,248.8,07-Dec-2023
57,6573055d571435efffcd18cb,JIOFIN,EQ,N,250.5,240.0,249.0,244.25,244.2,249.15,19056798,4666953825.05,266.95,204.25,190798,INE758E01017,2023-12-08,2023-12-07T18:30:00.000Z,2023-12-08T12:00:29.022Z,2023-12-08T12:00:29.022Z,0,,244.9,08-Dec-2023
58,6576f9db2e3c10226c097aae,JIOFIN,EQ,N,247.0,243.05,244.85,245.6,245.65,244.25,8875953,2178430489.25,266.95,204.25,87776,INE758E01017,2023-12-11,2023-12-10T18:30:00.000Z,2023-12-11T12:00:27.137Z,2023-12-11T12:00:27.137Z,0,,245.43,11-Dec-2023
59,65784b5b2467cc7ad2098568,JIOFIN,EQ,N,247.3,238.3,246.05,240.55,241.0,245.6,12749596,3092246249.05,266.95,204.25,140461,INE758E01017,2023-12-12,2023-12-11T18:30:00.000Z,2023-12-12T12:00:27.118Z,2023-12-12T12:00:27.118Z,0,,242.54,12-Dec-2023
60,65799cf15bf605bed6064f62,JIOFIN,EQ,N,242.4,235.35,242.0,239.75,239.75,240.55,13774944,3287676721.45,266.95,204.25,166608,INE758E01017,2023-12-13,2023-12-12T18:30:00.000Z,2023-12-13T12:00:49.026Z,2023-12-13T12:00:49.026Z,0,,238.67,13-Dec-2023
61,657aee7ee633965340d526ad,JIOFIN,EQ,N,243.75,238.05,242.9,238.6,238.95,239.75,14352896,3454927298.7,266.95,204.25,202480,INE758E01017,2023-12-14,2023-12-13T18:30:00.000Z,2023-12-14T12:01:02.177Z,2023-12-14T12:01:02.177Z,0,,240.71,14-Dec-2023
62,657c3fdea13817c72fddf503,JIOFIN,EQ,N,242.6,236.4,240.0,237.65,237.3,238.6,26225287,6262493359.15,266.95,204.25,153847,INE758E01017,2023-12-15,2023-12-14T18:30:00.000Z,2023-12-15T12:00:30.339Z,2023-12-15T12:00:30.339Z,0,,238.8,15-Dec-2023
63,65803463045235bc47cc7d9a,JIOFIN,EQ,N,242.2,237.6,241.0,240.15,240.25,237.65,17001755,4087050335.55,266.95,204.25,108406,INE758E01017,2023-12-18,2023-12-17T18:30:00.000Z,2023-12-18T12:00:35.923Z,2023-12-18T12:00:35.923Z,0,,240.39,18-Dec-2023
64,658185fdd0095a416892b438,JIOFIN,EQ,N,240.8,237.9,240.3,238.3,238.45,240.15,13053454,3125900357.25,266.95,204.25,98183,INE758E01017,2023-12-19,2023-12-18T18:30:00.000Z,2023-12-19T12:01:01.833Z,2023-12-19T12:01:01.833Z,0,,239.47,19-Dec-2023
65,6582d765e38289a0164fd948,JIOFIN,EQ,N,248.2,230.05,238.9,232.1,231.5,238.3,44628843,10734692047.5,266.95,204.25,397244,INE758E01017,2023-12-20,2023-12-19T18:30:00.000Z,2023-12-20T12:00:37.635Z,2023-12-20T12:00:37.635Z,0,,240.53,20-Dec-2023
66,658428dc3c00fc25647ef481,JIOFIN,EQ,N,238.7,229.0,230.85,238.0,237.9,232.1,17015304,4014691330.6,266.95,204.25,136074,INE758E01017,2023-12-21,2023-12-20T18:30:00.000Z,2023-12-21T12:00:28.312Z,2023-12-21T12:00:28.312Z,0,,235.95,21-Dec-2023
67,65857a7d8556570bd29b2d2e,JIOFIN,EQ,N,239.75,234.6,238.75,236.75,236.8,238.0,10871312,2581602405.0,266.95,204.25,123058,INE758E01017,2023-12-22,2023-12-21T18:30:00.000Z,2023-12-22T12:01:01.349Z,2023-12-22T12:01:01.349Z,0,,237.47,22-Dec-2023
68,658ac07d2afa40971bcfc90c,JIOFIN,EQ,N,238.0,233.7,237.25,234.7,234.75,236.75,11865886,2788589666.2,266.95,204.25,113628,INE758E01017,2023-12-26,2023-12-25T18:30:00.000Z,2023-12-26T12:01:01.597Z,2023-12-26T12:01:01.597Z,0,,235.01,26-Dec-2023
69,658c11ddf964ff32e77dbf9b,JIOFIN,EQ,N,237.25,233.0,236.0,234.0,233.9,234.7,12430460,2920999366.35,266.95,204.25,134285,INE758E01017,2023-12-27,2023-12-26T18:30:00.000Z,2023-12-27T12:00:29.089Z,2023-12-27T12:00:29.089Z,0,,234.99,27-Dec-2023
70,658d635afc7c264717dabf24,JIOFIN,EQ,N,236.35,232.55,235.0,233.35,233.65,234.0,10533952,2463999207.8,266.95,204.25,103034,INE758E01017,2023-12-28,2023-12-27T18:30:00.000Z,2023-12-28T12:00:26.319Z,2023-12-28T12:00:26.319Z,0,,233.91,28-Dec-2023
71,658eb4fdbc28d99b03074808,JIOFIN,EQ,N,235.2,232.25,233.9,232.95,232.95,233.35,11614923,2711028654.65,266.95,204.25,113274,INE758E01017,2023-12-29,2023-12-28T18:30:00.000Z,2023-12-29T12:01:01.662Z,2023-12-29T12:01:01.662Z,0,,233.41,29-Dec-2023
72,6527dffd29970d101c3be0fc,JIOFIN,EQ,N,227.4,224.75,227.0,225.15,224.9,225.1,7780605,1756810469.1,266.95,218.85,68271,INE758E01017,2023-10-12,2023-10-11T18:30:00.000Z,2023-10-12T12:01:01.541Z,2023-10-12T12:01:01.541Z,0,,225.79,12-Oct-2023
73,6529317ef66a62c1a449f289,JIOFIN,EQ,N,225.9,222.0,224.0,224.55,223.9,225.15,10137218,2267388878.3,266.95,218.85,94521,INE758E01017,2023-10-13,2023-10-12T18:30:00.000Z,2023-10-13T12:01:02.317Z,2023-10-13T12:01:02.317Z,0,,223.67,13-Oct-2023
74,652d25fdd6423804dd479b7d,JIOFIN,EQ,N,225.95,224.0,224.9,224.8,224.85,224.55,10850724,2437634805.6,266.95,218.85,110054,INE758E01017,2023-10-16,2023-10-15T18:30:00.000Z,2023-10-16T12:01:01.334Z,2023-10-16T12:01:01.334Z,0,,224.65,16-Oct-2023
75,652e777da9d8f67acbc6ebea,JIOFIN,EQ,N,233.0,220.5,231.5,220.95,221.4,224.8,34190044,7703223803.65,266.95,218.85,284116,INE758E01017,2023-10-17,2023-10-16T18:30:00.000Z,2023-10-17T12:01:01.397Z,2023-10-17T12:01:01.397Z,0,,225.31,17-Oct-2023
76,652fc8fdc431db742187809d,JIOFIN,EQ,N,222.9,215.55,221.6,216.0,216.4,220.95,27712062,6040684686.25,266.95,215.55,296269,INE758E01017,2023-10-18,2023-10-17T18:30:00.000Z,2023-10-18T12:01:01.955Z,2023-10-18T12:01:01.955Z,0,,217.98,18-Oct-2023
77,65311a7d1bf959ada7ea45ab,JIOFIN,EQ,N,216.0,209.05,216.0,214.2,214.6,216.0,42127110,8939950079.85,266.95,209.05,357319,INE758E01017,2023-10-19,2023-10-18T18:30:00.000Z,2023-10-19T12:01:01.577Z,2023-10-19T12:01:01.577Z,0,,212.21,19-Oct-2023
78,65326bfdcf0c466dbab46dd9,JIOFIN,EQ,N,217.0,213.0,215.5,214.2,214.0,214.2,11101464,2383950893.75,266.95,209.05,143906,INE758E01017,2023-10-20,2023-10-19T18:30:00.000Z,2023-10-20T12:01:02.013Z,2023-10-20T12:01:02.013Z,0,,214.74,20-Oct-2023
79,6536607e771720dae9c33046,JIOFIN,EQ,N,214.2,204.25,214.0,206.6,205.0,214.2,17817781,3732242743.6,266.95,204.25,203604,INE758E01017,2023-10-23,2023-10-22T18:30:00.000Z,2023-10-23T12:01:02.097Z,2023-10-23T12:01:02.097Z,0,,209.47,23-Oct-2023
80,6539037ecc85bf74ed71b555,JIOFIN,EQ,N,211.8,206.5,206.6,210.15,210.5,206.6,22079260,4635407900.05,266.95,204.25,166872,INE758E01017,2023-10-25,2023-10-24T18:30:00.000Z,2023-10-25T12:01:02.082Z,2023-10-25T12:01:02.082Z,0,,209.94,25-Oct-2023
81,653a54fde0673fa40396230b,JIOFIN,EQ,N,217.0,206.45,208.0,215.85,216.4,210.15,23734035,5055622275.15,266.95,204.25,186464,INE758E01017,2023-10-26,2023-10-25T18:30:00.000Z,2023-10-26T12:01:01.367Z,2023-10-26T12:01:01.367Z,0,,213.01,26-Oct-2023
82,653ba67dd7b1b3edab2ef421,JIOFIN,EQ,N,225.6,216.45,219.6,222.9,224.5,215.85,20929447,4618585111.4,266.95,204.25,144370,INE758E01017,2023-10-27,2023-10-26T18:30:00.000Z,2023-10-27T12:01:01.648Z,2023-10-27T12:01:01.648Z,0,,220.67,27-Oct-2023
83,653f9afd239deda1aea1a1df,JIOFIN,EQ,N,226.2,218.15,224.5,219.0,219.0,222.9,13508666,2992699190.6,266.95,204.25,119457,INE758E01017,2023-10-30,2023-10-29T18:30:00.000Z,2023-10-30T12:01:01.493Z,2023-10-30T12:01:01.493Z,0,,221.54,30-Oct-2023
84,6540ec7ddaa2a204f00b9e67,JIOFIN,EQ,N,223.2,215.55,222.0,219.0,218.15,219.0,17538202,3821216553.95,266.95,204.25,155761,INE758E01017,2023-10-31,2023-10-30T18:30:00.000Z,2023-10-31T12:01:01.534Z,2023-10-31T12:01:01.534Z,0,,217.88,31-Oct-2023
85,65423dfd637fbcb8f0f3cbeb,JIOFIN,EQ,N,222.05,215.3,216.0,217.65,216.0,219.0,15862624,3448941736.0,266.95,204.25,129701,INE758E01017,2023-11-01,2023-10-31T18:30:00.000Z,2023-11-01T12:01:01.427Z,2023-11-01T12:01:01.427Z,0,,217.43,01-Nov-2023
86,65438f7d57068b03d24e3e73,JIOFIN,EQ,N,219.6,216.7,218.5,217.35,217.0,217.65,13261567,2886171066.0,266.95,204.25,96526,INE758E01017,2023-11-02,2023-11-01T18:30:00.000Z,2023-11-02T12:01:01.678Z,2023-11-02T12:01:01.678Z,0,,217.63,02-Nov-2023
87,6544e0fea8d9736da5ec9c83,JIOFIN,EQ,N,220.65,217.65,219.0,219.05,219.1,217.35,8569115,1877023702.65,266.95,204.25,65311,INE758E01017,2023-11-03,2023-11-02T18:30:00.000Z,2023-11-03T12:01:02.185Z,2023-11-03T12:01:02.185Z,0,,219.05,03-Nov-2023
88,6548d7d595404c48e146ea61,JIOFIN,EQ,N,220.7,216.75,220.4,217.15,217.1,219.05,11494092,2506050342.6,266.95,204.25,120203,INE758E01017,2023-11-06,2023-11-05T18:30:00.000Z,2023-11-06T12:11:01.503Z,2023-11-06T12:11:01.503Z,0,,218.03,06-Nov-2023
89,654a26fd1d5cc51db43d4308,JIOFIN,EQ,N,218.8,216.5,217.9,217.2,217.15,217.15,7558170,1641932510.25,266.95,204.25,72825,INE758E01017,2023-11-07,2023-11-06T18:30:00.000Z,2023-11-07T12:01:01.514Z,2023-11-07T12:01:01.514Z,0,,217.24,07-Nov-2023
90,654b787e879d4c6075df81d2,JIOFIN,EQ,N,217.9,213.8,217.8,214.15,214.5,217.2,17101608,3685978274.4,266.95,204.25,142259,INE758E01017,2023-11-08,2023-11-07T18:30:00.000Z,2023-11-08T12:01:02.120Z,2023-11-08T12:01:02.120Z,0,,215.53,08-Nov-2023
91,654cc9fd75231d5b067c37ce,JIOFIN,EQ,N,217.7,214.85,214.85,215.15,215.5,214.15,17250096,3715840615.05,266.95,204.25,92243,INE758E01017,2023-11-09,2023-11-08T18:30:00.000Z,2023-11-09T12:01:01.508Z,2023-11-09T12:01:01.508Z,0,,215.41,09-Nov-2023
92,654e1b7e075c0a42c2f40032,JIOFIN,EQ,N,222.95,214.35,214.85,221.95,222.5,215.15,18467219,4050673724.2,266.95,204.25,108156,INE758E01017,2023-11-10,2023-11-09T18:30:00.000Z,2023-11-10T12:01:02.059Z,2023-11-10T12:01:02.059Z,0,,219.34,10-Nov-2023
93,6550ec6d89ff7805518250cf,JIOFIN,EQ,N,226.5,223.5,224.75,225.55,225.6,221.95,10542420,2373163046.05,266.95,204.25,106668,INE758E01017,2023-11-12,2023-11-11T18:30:00.000Z,2023-11-12T15:17:01.827Z,2023-11-12T15:17:01.827Z,0,,225.11,12-Nov-2023
94,65520ffd18337c1b15d49612,JIOFIN,EQ,N,225.9,222.25,223.0,224.75,224.4,225.55,12086991,2708612348.85,266.95,204.25,92586,INE758E01017,2023-11-13,2023-11-12T18:30:00.000Z,2023-11-13T12:01:01.910Z,2023-11-13T12:01:01.910Z,0,,224.09,13-Nov-2023
95,6554b3154157181b522b8949,JIOFIN,EQ,N,227.35,223.2,226.95,224.15,224.15,224.75,15782001,3543668968.75,266.95,204.25,107942,INE758E01017,2023-11-15,2023-11-14T18:30:00.000Z,2023-11-15T12:01:25.945Z,2023-11-15T12:01:25.945Z,0,,224.54,15-Nov-2023
96,6556047e7827e57e5832c192,JIOFIN,EQ,N,229.3,223.85,225.5,226.95,227.1,224.15,17856032,4031301859.9,266.95,204.25,112362,INE758E01017,2023-11-16,2023-11-15T18:30:00.000Z,2023-11-16T12:01:02.165Z,2023-11-16T12:01:02.165Z,0,,225.77,16-Nov-2023
97,655755fde1720fcb41e496c3,JIOFIN,EQ,N,226.0,220.4,226.0,220.8,221.0,226.95,19607105,4363499458.2,266.95,204.25,130818,INE758E01017,2023-11-17,2023-11-16T18:30:00.000Z,2023-11-17T12:01:01.970Z,2023-11-17T12:01:01.970Z,0,,222.55,17-Nov-2023
98,655b4a7d3f0ac524236965c9,JIOFIN,EQ,N,221.75,215.05,221.75,215.5,215.5,220.8,20403368,4419013341.65,266.95,204.25,189558,INE758E01017,2023-11-20,2023-11-19T18:30:00.000Z,2023-11-20T12:01:01.547Z,2023-11-20T12:01:01.547Z,0,,216.58,20-Nov-2023
99,655c9bfd3e05bb7dba49e4be,JIOFIN,EQ,N,223.15,216.55,217.4,220.2,219.85,215.5,25625463,5645675828.75,266.95,204.25,130533,INE758E01017,2023-11-21,2023-11-20T18:30:00.000Z,2023-11-21T12:01:01.856Z,2023-11-21T12:01:01.856Z,0,,220.32,21-Nov-2023
100,64f5c955c5c7d75876dc32b0,JIOFIN,EQ,N,266.95,249.0,255.3,253.45,254.65,245.15,99246736,25501531017.55,266.95,249.0,774466,INE758E01017,2023-09-04,2023-09-03T18:30:00.000Z,2023-09-04T12:11:01.911Z,2023-09-04T12:11:01.911Z,0,,256.95,04-Sep-2023
101,64f7187e4597811962c9d568,JIOFIN,EQ,N,260.0,253.0,257.0,255.05,255.3,253.45,47127078,12107342857.05,266.95,249.0,361296,INE758E01017,2023-09-05,2023-09-04T18:30:00.000Z,2023-09-05T12:01:02.249Z,2023-09-05T12:01:02.249Z,0,,256.91,05-Sep-2023
102,64f869dcbd4ee5a4ffc94fa0,JIOFIN,EQ,N,259.8,246.05,247.0,252.85,253.75,255.05,225413157,56848829290.55,266.95,246.05,634106,INE758E01017,2023-09-06,2023-09-05T18:30:00.000Z,2023-09-06T12:00:28.815Z,2023-09-06T12:00:28.815Z,0,,252.2,06-Sep-2023
103,64f9bb7df5e18c7fa1ee90b9,JIOFIN,EQ,N,257.3,251.25,252.0,251.8,252.7,252.85,43856832,11137720945.45,266.95,246.05,337076,INE758E01017,2023-09-07,2023-09-06T18:30:00.000Z,2023-09-07T12:01:01.524Z,2023-09-07T12:01:01.524Z,0,,253.96,07-Sep-2023
104,64fb0cfe7a2bce9c73198c59,JIOFIN,EQ,N,255.0,249.5,254.0,253.2,253.5,251.8,36090005,9115723140.4,266.95,246.05,264191,INE758E01017,2023-09-08,2023-09-07T18:30:00.000Z,2023-09-08T12:01:02.272Z,2023-09-08T12:01:02.272Z,0,,252.58,08-Sep-2023
105,64ff015c9ae661ba70e57967,JIOFIN,EQ,N,257.7,250.0,256.95,250.15,250.05,253.2,24982858,6301223367.1,266.95,246.05,226553,INE758E01017,2023-09-11,2023-09-10T18:30:00.000Z,2023-09-11T12:00:28.855Z,2023-09-11T12:00:28.855Z,0,,252.22,11-Sep-2023
106,650052dc2ee2876c8ae28608,JIOFIN,EQ,N,252.0,240.9,251.75,244.25,244.0,250.15,39500716,9725522530.4,266.95,240.9,257463,INE758E01017,2023-09-12,2023-09-11T18:30:00.000Z,2023-09-12T12:00:28.845Z,2023-09-12T12:00:28.845Z,0,,246.21,12-Sep-2023
107,6501a45dfe6ec3bc9d3e478b,JIOFIN,EQ,N,247.8,236.6,244.8,240.2,241.0,244.25,27810990,6713336513.55,266.95,236.6,219521,INE758E01017,2023-09-13,2023-09-12T18:30:00.000Z,2023-09-13T12:00:29.288Z,2023-09-13T12:00:29.288Z,0,,241.39,13-Sep-2023
108,6502f5dc27df462662ca59d8,JIOFIN,EQ,N,244.55,241.25,242.0,242.55,242.85,240.2,14055236,3410933151.45,266.95,236.6,169150,INE758E01017,2023-09-14,2023-09-13T18:30:00.000Z,2023-09-14T12:00:28.981Z,2023-09-14T12:00:28.981Z,0,,242.68,14-Sep-2023
109,6504475c2478ca0e7abd18a4,JIOFIN,EQ,N,244.65,237.65,243.8,239.4,239.4,242.55,27416106,6596370879.4,266.95,236.6,172549,INE758E01017,2023-09-15,2023-09-14T18:30:00.000Z,2023-09-15T12:00:28.409Z,2023-09-15T12:00:28.409Z,0,,240.6,15-Sep-2023
110,65083bfe21398656f86e2ae1,JIOFIN,EQ,N,240.85,232.1,240.0,233.2,233.6,239.4,24694419,5825970990.55,266.95,232.1,243174,INE758E01017,2023-09-18,2023-09-17T18:30:00.000Z,2023-09-18T12:01:02.305Z,2023-09-18T12:01:02.305Z,0,,235.92,18-Sep-2023
111,650adefd5ae8760c8d123e3b,JIOFIN,EQ,N,232.0,229.0,230.4,229.65,229.95,233.2,18317607,4214193237.85,266.95,229.0,252513,INE758E01017,2023-09-20,2023-09-19T18:30:00.000Z,2023-09-20T12:01:01.965Z,2023-09-20T12:01:01.965Z,0,,230.06,20-Sep-2023
112,650c307ef681a73439f7f838,JIOFIN,EQ,N,235.6,226.8,230.0,227.65,227.7,229.65,33101551,7635895847.0,266.95,226.8,178122,INE758E01017,2023-09-21,2023-09-20T18:30:00.000Z,2023-09-21T12:01:02.149Z,2023-09-21T12:01:02.149Z,0,,230.68,21-Sep-2023
113,650d81fdf5c81ccb177c4f8a,JIOFIN,EQ,N,232.25,226.35,227.95,227.8,228.2,227.65,38327554,8747308323.55,266.95,226.35,160047,INE758E01017,2023-09-22,2023-09-21T18:30:00.000Z,2023-09-22T12:01:01.594Z,2023-09-22T12:01:01.594Z,0,,228.23,22-Sep-2023
114,6511767d6f2c0a1b4b12563b,JIOFIN,EQ,N,230.85,227.5,230.0,229.75,229.25,227.8,13392150,3070285682.85,266.95,226.35,121802,INE758E01017,2023-09-25,2023-09-24T18:30:00.000Z,2023-09-25T12:01:01.463Z,2023-09-25T12:01:01.463Z,0,,229.26,25-Sep-2023
115,6512c7dbe09fff58374853a9,JIOFIN,EQ,N,231.7,230.0,231.1,230.4,230.7,229.75,8058261,1859209473.4,266.95,226.35,89985,INE758E01017,2023-09-26,2023-09-25T18:30:00.000Z,2023-09-26T12:00:27.241Z,2023-09-26T12:00:27.241Z,0,,230.72,26-Sep-2023
116,6514195da2aafd6ad4b5228e,JIOFIN,EQ,N,231.2,227.0,231.2,227.35,227.3,230.4,10984321,2503591878.7,266.95,226.35,113266,INE758E01017,2023-09-27,2023-09-26T18:30:00.000Z,2023-09-27T12:00:29.245Z,2023-09-27T12:00:29.245Z,0,,227.92,27-Sep-2023
117,65156adc82b3fd3efb42e010,JIOFIN,EQ,N,228.85,224.75,228.0,225.05,225.0,227.35,9143582,2065393914.95,266.95,224.75,133113,INE758E01017,2023-09-28,2023-09-27T18:30:00.000Z,2023-09-28T12:00:28.920Z,2023-09-28T12:00:28.920Z,0,,225.88,28-Sep-2023
118,6516bc7d71dfda05227ee873,JIOFIN,EQ,N,232.9,225.0,225.9,231.2,231.0,225.05,12411231,2848132582.75,266.95,224.75,106913,INE758E01017,2023-09-29,2023-09-28T18:30:00.000Z,2023-09-29T12:01:01.882Z,2023-09-29T12:01:01.882Z,0,,229.48,29-Sep-2023
119,651c025c1be9dfb0191fb63b,JIOFIN,EQ,N,233.9,230.55,231.5,231.4,231.1,231.2,13185432,3060042923.95,266.95,224.75,130173,INE758E01017,2023-10-03,2023-10-02T18:30:00.000Z,2023-10-03T12:00:28.647Z,2023-10-03T12:00:28.647Z,0,,232.08,03-Oct-2023
120,651d53da7c3b46193f820bae,JIOFIN,EQ,N,230.0,223.5,230.0,224.65,224.6,231.4,23296548,5258653311.3,266.95,223.5,214101,INE758E01017,2023-10-04,2023-10-03T18:30:00.000Z,2023-10-04T12:00:26.988Z,2023-10-04T12:00:26.988Z,0,,225.73,04-Oct-2023
121,651ea55ce5feb020ec204120,JIOFIN,EQ,N,227.9,224.2,225.9,225.4,225.05,224.65,13894930,3138324939.35,266.95,223.5,117800,INE758E01017,2023-10-05,2023-10-04T18:30:00.000Z,2023-10-05T12:00:28.529Z,2023-10-05T12:00:28.529Z,0,,225.86,05-Oct-2023
122,651ff6fe23d5cab0dd37e2a3,JIOFIN,EQ,N,227.65,223.7,226.5,225.1,225.3,225.4,7531900,1695696195.6,266.95,223.5,87525,INE758E01017,2023-10-06,2023-10-05T18:30:00.000Z,2023-10-06T12:01:02.318Z,2023-10-06T12:01:02.318Z,0,,225.14,06-Oct-2023
123,6523eb5c48a89b0f72d541dc,JIOFIN,EQ,N,223.0,218.85,223.0,219.65,219.55,225.1,9696908,2137994880.85,266.95,218.85,134087,INE758E01017,2023-10-09,2023-10-08T18:30:00.000Z,2023-10-09T12:00:28.814Z,2023-10-09T12:00:28.814Z,0,,220.48,09-Oct-2023
124,65253cfe84944aaf76905fcd,JIOFIN,EQ,N,223.9,219.75,221.0,220.15,220.9,219.65,10451289,2315633297.25,266.95,218.85,122564,INE758E01017,2023-10-10,2023-10-09T18:30:00.000Z,2023-10-10T12:01:02.081Z,2023-10-10T12:01:02.081Z,0,,221.56,10-Oct-2023
125,65268e7d4e688d14b41d47c7,JIOFIN,EQ,N,227.7,220.6,222.0,225.1,226.35,220.15,11765082,2627510955.95,266.95,218.85,122758,INE758E01017,2023-10-11,2023-10-10T18:30:00.000Z,2023-10-11T12:01:01.935Z,2023-10-11T12:01:01.935Z,0,,223.33,11-Oct-2023
126,6527dfdc3a61f2389d028ea4,JIOFIN,EQ,N,227.4,224.75,227.0,225.15,224.9,225.1,7780605,1756810469.1,266.95,218.85,68271,INE758E01017,2023-10-12,2023-10-11T18:30:00.000Z,2023-10-12T12:00:28.962Z,2023-10-12T12:00:28.962Z,0,,225.79,12-Oct-2023
